{
  "exp_name": "rl_deepseek_1_3b_lora_alpha0_01_100",
  "model_path": "checkpoints/deepseek_1_3b_lora_rl_alpha0.01_100",
  "is_lora": true,
  "num_tasks": 33,
  "num_pass": 16,
  "pass_at_1": 0.48484848484848486,
  "avg_gen_len": 107.54545454545455
}